measure,rank,quality,size_sg,source
lrt,1,111.09483,145,subgroupsem tests/testthat/test-subsem_userfun.R (min_subgroup_size=50)
lrt,2,111.09483,156,subgroupsem tests/testthat/test-subsem_userfun.R (min_subgroup_size=50)
lrt,3,107.82037,79,subgroupsem tests/testthat/test-subsem_userfun.R (min_subgroup_size=50)
lrt,4,97.03249,157,subgroupsem tests/testthat/test-subsem_userfun.R (min_subgroup_size=50)
lrt,5,97.03249,143,subgroupsem tests/testthat/test-subsem_userfun.R (min_subgroup_size=50)
lrt,6,94.98001,65,subgroupsem tests/testthat/test-subsem_userfun.R (min_subgroup_size=50)
lrt,7,92.99673,72,subgroupsem tests/testthat/test-subsem_userfun.R (min_subgroup_size=50)
lrt,8,90.87883,78,subgroupsem tests/testthat/test-subsem_userfun.R (min_subgroup_size=50)
lrt,9,89.37181,73,subgroupsem tests/testthat/test-subsem_userfun.R (min_subgroup_size=50)
lrt,10,80.94426,74,subgroupsem tests/testthat/test-subsem_userfun.R (min_subgroup_size=50)
wald,1,14.144601,72,subgroupsem tests/testthat/test-subsem_userfun.R (min_subgroup_size=50)
wald,2,10.675162,65,subgroupsem tests/testthat/test-subsem_userfun.R (min_subgroup_size=50)
wald,3,8.542270,155,subgroupsem tests/testthat/test-subsem_userfun.R (min_subgroup_size=50)
wald,4,8.542270,146,subgroupsem tests/testthat/test-subsem_userfun.R (min_subgroup_size=50)
wald,5,7.950840,83,subgroupsem tests/testthat/test-subsem_userfun.R (min_subgroup_size=50)
wald,6,5.662999,82,subgroupsem tests/testthat/test-subsem_userfun.R (min_subgroup_size=50)
wald,7,5.265130,72,subgroupsem tests/testthat/test-subsem_userfun.R (min_subgroup_size=50)
wald,8,4.604717,145,subgroupsem tests/testthat/test-subsem_userfun.R (min_subgroup_size=50)
wald,9,4.604717,156,subgroupsem tests/testthat/test-subsem_userfun.R (min_subgroup_size=50)
wald,10,4.212558,73,subgroupsem tests/testthat/test-subsem_userfun.R (min_subgroup_size=50)
