"check","ok","problems","note"
"bep DFS == original DFS (exact, same order)",TRUE,"",""
"DFS rep1 == rep2 == rep3 (exact)",TRUE,"",""
"Apriori rep1 == rep2 == rep3 (exact)",TRUE,"",""
"BestFirst rep1 == rep2 == rep3 (exact)",TRUE,"",""
"Beam rep1 == rep2 == rep3 (exact)",TRUE,"",""
"Apriori == DFS (tie-aware)",TRUE,"",""
"BestFirst == DFS (tie-aware)",TRUE,"",""
"DFS with log == without log",TRUE,"",""
"Apriori with log == without log",TRUE,"",""
"BestFirst with log == without log",TRUE,"",""
"Beam with log == without log",TRUE,"",""
"DFS, Apriori, BestFirst: same number of fits",TRUE,"",""
"Beam vs DFS (information only)",NA,"",""
