"run","variant","algorithm","measure","rep","min_size","log","time_search_s","time_call_s","time_warmup_s","time_process_s","n_selectors","n_evaluated","n_below_30","n_below_min_size","n_fit","git_commit","lavaan","pysubgroup"
"bep_Apriori_lrt_min50_log0_rep1","bep","Apriori","lrt",1,50,FALSE,1.2604808807373,1.67,7.66,9.9,7,63,37,8,18,"400d2e5946c065d93fa2d9a05cf9b2509e240468","0.7.2","0.7.8"
"bep_Apriori_lrt_min50_log0_rep2","bep","Apriori","lrt",2,50,FALSE,1.27386021614075,1.58,7.83,9.99,7,63,37,8,18,"400d2e5946c065d93fa2d9a05cf9b2509e240468","0.7.2","0.7.8"
"bep_Apriori_lrt_min50_log0_rep3","bep","Apriori","lrt",3,50,FALSE,1.29418611526489,1.69,7.95,10.22,7,63,37,8,18,"400d2e5946c065d93fa2d9a05cf9b2509e240468","0.7.2","0.7.8"
"bep_Apriori_lrt_min50_log1_rep1","bep","Apriori","lrt",1,50,TRUE,1.23292303085327,1.55,7.73,9.86,7,63,37,8,18,"400d2e5946c065d93fa2d9a05cf9b2509e240468","0.7.2","0.7.8"
"bep_Beam_lrt_min50_log0_rep1","bep","Beam","lrt",1,50,FALSE,2.24341797828674,2.59,7.82,11.06,7,73,31,12,30,"400d2e5946c065d93fa2d9a05cf9b2509e240468","0.7.2","0.7.8"
"bep_Beam_lrt_min50_log0_rep2","bep","Beam","lrt",2,50,FALSE,2.13963508605957,2.46,7.21,10.27,7,73,31,12,30,"400d2e5946c065d93fa2d9a05cf9b2509e240468","0.7.2","0.7.8"
"bep_Beam_lrt_min50_log0_rep3","bep","Beam","lrt",3,50,FALSE,2.10600781440735,2.5,7.73,10.79,7,73,31,12,30,"400d2e5946c065d93fa2d9a05cf9b2509e240468","0.7.2","0.7.8"
"bep_Beam_lrt_min50_log1_rep1","bep","Beam","lrt",1,50,TRUE,2.0411810874939,2.36,7.08,10.03,7,73,31,12,30,"400d2e5946c065d93fa2d9a05cf9b2509e240468","0.7.2","0.7.8"
"bep_BestFirst_lrt_min50_log0_rep1","bep","BestFirst","lrt",1,50,FALSE,1.2626531124115,1.57,7.72,9.88,7,35,9,8,18,"400d2e5946c065d93fa2d9a05cf9b2509e240468","0.7.2","0.7.8"
"bep_BestFirst_lrt_min50_log0_rep2","bep","BestFirst","lrt",2,50,FALSE,1.24042892456055,1.53,7.75,9.83,7,35,9,8,18,"400d2e5946c065d93fa2d9a05cf9b2509e240468","0.7.2","0.7.8"
"bep_BestFirst_lrt_min50_log0_rep3","bep","BestFirst","lrt",3,50,FALSE,1.24592900276184,1.62,7.75,9.94,7,35,9,8,18,"400d2e5946c065d93fa2d9a05cf9b2509e240468","0.7.2","0.7.8"
"bep_BestFirst_lrt_min50_log1_rep1","bep","BestFirst","lrt",1,50,TRUE,1.28904294967651,1.61,8.2,10.39,7,35,9,8,18,"400d2e5946c065d93fa2d9a05cf9b2509e240468","0.7.2","0.7.8"
"bep_DFS_lrt_min30_log1_rep1","bep","DFS","lrt",1,30,TRUE,6.66792678833008,7.08,7.75,15.42,7,64,37,0,26,"400d2e5946c065d93fa2d9a05cf9b2509e240468","0.7.2","0.7.8"
"bep_DFS_lrt_min50_log0_rep1","bep","DFS","lrt",1,50,FALSE,1.34453177452087,1.75,7.92,10.25,7,64,37,8,18,"400d2e5946c065d93fa2d9a05cf9b2509e240468","0.7.2","0.7.8"
"bep_DFS_lrt_min50_log0_rep2","bep","DFS","lrt",2,50,FALSE,1.35489201545715,1.66,8,10.22,7,64,37,8,18,"400d2e5946c065d93fa2d9a05cf9b2509e240468","0.7.2","0.7.8"
"bep_DFS_lrt_min50_log0_rep3","bep","DFS","lrt",3,50,FALSE,1.37516283988953,1.67,7.23,9.5,7,64,37,8,18,"400d2e5946c065d93fa2d9a05cf9b2509e240468","0.7.2","0.7.8"
"bep_DFS_lrt_min50_log1_rep1","bep","DFS","lrt",1,50,TRUE,1.22397303581238,1.56,7.99,10.09,7,64,37,8,18,"400d2e5946c065d93fa2d9a05cf9b2509e240468","0.7.2","0.7.8"
"bep_DFS_wald_min50_log0_rep1","bep","DFS","wald",1,50,FALSE,1.16146898269653,1.5,7.24,9.35,7,64,37,8,18,"400d2e5946c065d93fa2d9a05cf9b2509e240468","0.7.2","0.7.8"
"bep_DFS_wald_min50_log0_rep2","bep","DFS","wald",2,50,FALSE,1.16423487663269,1.49,7.22,9.28,7,64,37,8,18,"400d2e5946c065d93fa2d9a05cf9b2509e240468","0.7.2","0.7.8"
"bep_DFS_wald_min50_log0_rep3","bep","DFS","wald",3,50,FALSE,1.1532940864563,1.49,7.8,9.86,7,64,37,8,18,"400d2e5946c065d93fa2d9a05cf9b2509e240468","0.7.2","0.7.8"
"original_DFS_lrt_min50_log0_rep1","original","DFS","lrt",1,50,FALSE,1.36043000221252,1.77,8.06,10.4,NA,NA,NA,NA,NA,"400d2e5946c065d93fa2d9a05cf9b2509e240468","0.7.2","0.7.8"
"original_DFS_lrt_min50_log0_rep2","original","DFS","lrt",2,50,FALSE,1.32723689079285,1.72,7.78,10.07,NA,NA,NA,NA,NA,"400d2e5946c065d93fa2d9a05cf9b2509e240468","0.7.2","0.7.8"
"original_DFS_lrt_min50_log0_rep3","original","DFS","lrt",3,50,FALSE,1.22538304328918,1.61,7.16,9.34,NA,NA,NA,NA,NA,"400d2e5946c065d93fa2d9a05cf9b2509e240468","0.7.2","0.7.8"
