"rank","subgroup","quality","size_sg","measure"
"1","school=='Grant-White'","111.09482912198655","145","lrt"
"2","school=='Pasteur'","111.09482912198655","156","lrt"
"3","grade==7 AND school=='Grant-White'","107.82037009452506","79","lrt"
"4","grade==7","97.0324887661709","157","lrt"
"5","grade==8","97.0324887661709","143","lrt"
"6","grade==8 AND school=='Grant-White'","94.980013345940279","65","lrt"
"7","grade==8 AND sex==2","92.996730309931081","72","lrt"
"8","grade==8 AND school=='Pasteur'","90.87883244799923","78","lrt"
"9","school=='Grant-White' AND sex==2","89.371805897331797","73","lrt"
"10","school=='Pasteur' AND sex==1","80.944260364079128","74","lrt"
